District IRN,District Name,Address,City,ZIP Code,County,Region,Superintendent,District Phone
000442,Manchester Local,130 Wayne Frye Dr,Manchester,45144-9314,Adams,Region 14,Nicholas K. Roberts,(937) 549-4777
043489,Akron City,10 N Main St,Akron,44308-1911,Summit,Region 8,Clarence M. Robinson Jr,(330) 761-1661
043497,Alliance City,200 Glamorgan St,Alliance,44601-2946,Stark,Region 9,Robert J. Gress,(330) 821-2100
043505,Ashland City,1407 Claremont Ave,Ashland,44805-3532,Ashland,Region 7,Steven B. Paramore,(419) 289-1117
043513,Ashtabula Area City,6610 Sanborn Rd,Ashtabula,44004-2405,Ashtabula,Region 5,Lisa L. Newsome,(440) 992-1201
043521,Athens City School District,21 Birge Dr,Chauncey,45719-1333,Athens,Region 16,Thomas J. Gibbs,(740) 797-4516
043539,Barberton City,633 Brady Ave,Barberton,44203-1737,Summit,Region 8,Jason C. Ondrus,(330) 753-1025
043547,Bay Village City,377 Dover Center Rd,Bay Village,44140-2304,Cuyahoga,Region 3,Scot T. Prebles,(440) 617-7300
043554,Beachwood City,24601 Fairmount Blvd,Beachwood,44122-2298,Cuyahoga,Region 3,Robert P. Hardis,(216) 464-2600
043562,Bedford City,475 Northfield Rd,Bedford,44146-2201,Cuyahoga,Region 3,Cassandra J. Johnson,(440) 439-1500
043570,Bellaire Local,340 34th St,Bellaire,43906-1589,Belmont,Region 12,PETER D. MCAFEE,(740) 676-1826
043588,Bellefontaine City,820 Ludlow Rd,Bellefontaine,43311-1852,Logan,Region 6,Bradley J. Hall,(937) 593-9060
043596,Bellevue City,125 North St,Bellevue,44811-1423,Huron,Region 2,Troy T. Roth,(419) 484-5000
043604,Belpre City,2014 Rockland Ave,Belpre,45714-1118,Washington,Region 16,Jeffrey S. Greenley,(740) 423-9511
043612,Berea City,390 Fair St,Berea,44017-2308,Cuyahoga,Region 3,Tracy L. Wheeler,(216) 898-8300
043620,Bexley City,348 S Cassingham Rd,Bexley,43209-1897,Franklin,Region 11,Jason A. Fine,(614) 231-7611
043638,Bowling Green City School District,137 Clough St,Bowling Green,43402-2901,Wood,Region 1,Ted M. Haselman,(419) 354-0800
043646,Brecksville-Broadview Heights City,6638 Mill Rd,Brecksville,44141-1512,Cuyahoga,Region 3,Jeffrey D. Harrison,(440) 740-4000
043653,Brooklyn City,9200 Biddulph Rd,Brooklyn,44144-2614,Cuyahoga,Region 3,Theodore Caleris,(216) 485-8100
043661,Brunswick City,3643 Center Rd,Brunswick,44212-3619,Medina,Region 8,Jason A. Niedermeyer,(330) 225-7731
043679,Bryan City,1350 Fountain Grove Dr,Bryan,43506-8733,Williams,Region 1,Mark D. Rairigh,(419) 636-6973
043687,Bucyrus City,170 Plymouth St,Bucyrus,44820-1627,Crawford,Region 7,Robert A. Britton,(419) 562-4045
043695,Cambridge City,518 S 8th St,Cambridge,43725-8865,Guernsey,Region 12,Daniel A. Coffman,(740) 439-5021
043703,Campbell City,280 6th St,Campbell,44405-1325,Mahoning,Region 5,Matthew L. Bowen,(330) 799-8777
043711,Canton City,1312 5th St SW,Canton,44707-4657,Stark,Region 9,Jeffery S. Talbert,(330) 438-2500
043729,Celina City,585 E Livingston St,Celina,45822-1742,Mercer,Region 6,Brooke M. Gessler,(419) 586-8300
043737,Centerville City,111 Virginia Ave,Centerville,45458-2249,Montgomery,Region 10,Jon T. Wesney,(937) 433-8841
043745,Chillicothe City,425 Yoctangee Pkwy,Chillicothe,45601-1663,Ross,Region 15,Deborah M. Swinehart,(740) 775-4250
043752,Cincinnati Public Schools,2651 Burnet Ave,Cincinnati,45219-2551,Hamilton,Region 13,Shauna J. Murphy,(513) 363-0000
043760,Circleville City,388 Clark Dr,Circleville,43113-1517,Pickaway,Region 11,Kimberly K. Halley,(740) 474-4340
043778,Claymont City,201 N 3rd St,Dennison,44621-1237,Tuscarawas,Region 12,Brian J. Rentsch,(740) 922-5478
043786,Cleveland Municipal,1111 Superior Ave E,Cleveland,44114-2522,Cuyahoga,Region 3,Warren G. Morgan II,(216) 574-8000
043794,Cleveland Heights-University Heights City,2155 Miramar Blvd,University Heights,44118-3301,Cuyahoga,Region 3,Elizabeth A. Kirby,(216) 371-7171
043802,Columbus City Schools District,1091 King Ave,Columbus,43212-2204,Franklin,Region 11,Angela M. Chapman,(614) 365-5000
043810,Conneaut Area City,230 Gateway Ave Ste B,Conneaut,44030-2355,Ashtabula,Region 5,Lori A. Riley,(440) 593-7200
043828,Coshocton City,1207 Cambridge Rd,Coshocton,43812-2742,Coshocton,Region 12,Ronald Kowalski,(740) 622-1901
043836,Cuyahoga Falls City,405 Tallmadge Rd Ste 2201,Cuyahoga Falls,44221-2521,Summit,Region 8,Andrea Celico,(330) 926-3800
043844,Dayton City,136 S Ludlow St,Dayton,45402-1812,Montgomery,Region 10,David E. Lawrence,(937) 542-3000
043851,Deer Park Community City,8688 Donna Ln,Cincinnati,45236-2509,Hamilton,Region 13,Jack W. Phillips III,(513) 891-0222
043869,Defiance City,801 S Clinton St,Defiance,43512-2700,Defiance,Region 1,Robert R. Morton,(419) 782-0070
043877,Delaware City,74 W William St,Delaware,43015-2339,Delaware,Region 11,Heidi S. Kegley,(740) 833-1100
043885,Delphos City,901 Wildcat Ln,Delphos,45833-1690,Allen,Region 6,Jeffrey R. Hobbs,(419) 692-2509
043893,Dover City,228 W 6th St,Dover,44622-2803,Tuscarawas,Region 12,Karen J. McCrate,(330) 364-1906
043901,East Cleveland City School District,1843 Stanwood Rd,East Cleveland,44112-2901,Cuyahoga,Region 3,Henry Pettiegrew,(216) 268-6600
043919,East Liverpool City,810 W 8th St,East Liverpool,43920-2302,Columbiana,Region 5,Jonathan R. Ludwig,(330) 385-7132
043927,East Palestine City,200 West North Avenue,East Palestine,44413-1779,Columbiana,Region 5,James A. Rook,(330) 426-4191
043935,Eaton Community City,306 Eaton Lewisburg Rd,Eaton,45320-1105,Preble,Region 10,Jeff J. Parker,(937) 456-1107
043943,Elyria City Schools,42101 Griswold Rd,Elyria,44035-2117,Lorain,Region 2,Ann E. Schloss,(440) 284-8000
043950,Euclid City,651 E 222nd St,Euclid,44123-2031,Cuyahoga,Region 3,Christopher M. Papouras,(216) 261-2900
043968,Fairborn City,306 E Whittier Ave,Fairborn,45324-5313,Greene,Region 10,Eugene Lolli,(937) 878-3961
043976,Fairview Park City,21620 Mastick Rd,Fairview Park,44126-3047,Cuyahoga,Region 3,Keith J. Ahearn,(440) 331-5500
043984,Findlay City,1100 Broad Ave,Findlay,45840-2651,Hancock,Region 1,Ethan A. Hatton,(419) 425-8212
043992,Fostoria City,1001 Park Ave,Fostoria,44830-1455,Seneca,Region 1,Jason D. Longbrake,(419) 435-8163
044008,Franklin City,754 E 4th St,Franklin,45005-2559,Warren,Region 13,Michael D. Sander,(937) 746-1699
044016,Fremont City,500 W State St,Fremont,43420-2572,Sandusky,Region 1,Denice M. Hirt,(419) 332-6454
044024,Galion City,470 Portland Way N,Galion,44833-1115,Crawford,Region 7,Jeffrey D. Hartmann,(419) 468-3432
044032,Gallipolis City,61 State St,Gallipolis,45631-1131,Gallia,Region 16,Craig D. Wright,(740) 446-3211
044040,Garfield Heights City Schools,5640 Briarcliff Dr,Garfield Heights,44125-4158,Cuyahoga,Region 3,Richard D. Reynolds,(216) 475-8100
044057,Geneva Area City,1301 S Ridge Rd E Ste A,Geneva,44041-1513,Ashtabula,Region 5,David H. Riley,(440) 466-4831
044065,Girard City School District,100 W Main St Ste 2,Girard,44420-2598,Trumbull,Region 5,Bryan J. Ohara,(330) 545-2596
044073,Grandview Heights Schools,1587 W 3rd Ave,Columbus,43212-2825,Franklin,Region 11,Andrew K. Culp,(614) 485-4015
044081,Winton Woods City,825 Waycross Rd Ste A,Cincinnati,45240-1617,Hamilton,Region 13,Steven K. Denny,(513) 619-2300
044099,Greenville City,215 W 4th St,Greenville,45331-1423,Darke,Region 10,Douglas W. Fries,(937) 548-3185
044107,Hamilton City,533 Dayton St,Hamilton,45011-0627,Butler,Region 13,Michael V. Holbrook,(513) 887-5000
044115,Heath City,107 Lancaster Dr,Heath,43056-1220,Licking,Region 11,Trevor R. Thomas,(740) 238-7110
044123,Hillsboro City,39 Willetsville Pike,Hillsboro,45133-8277,Highland,Region 14,Brian T. Davis,(937) 393-3475
044131,Huron City Schools,710 Cleveland Rd W,Huron,44839-1871,Erie,Region 2,James J. Tatman,(419) 433-1234
044149,Ironton City School District,105 S 5th St,Ironton,45638-1426,Lawrence,Region 15,James A. Payne,(740) 532-4133
044156,Jackson City,450 Vaughn St,Jackson,45640-1944,Jackson,Region 16,Phillip R. Howard,(740) 286-6442
044164,Kent City,321 N Depeyster St,Kent,44240-2514,Portage,Region 8,Thomas P. Larkin,(330) 676-7600
044172,Kenton City,222 W Carrol St,Kenton,43326-1202,Hardin,Region 6,Chad A. Thrush,(419) 673-0775
044180,Kettering City School District,500 Lincoln Park Blvd,Kettering,45429-3492,Montgomery,Region 10,Melinda A. Mccarty-Stewart,(937) 499-1430
044198,Lakewood City,13701 Lake Ave,Lakewood,44107-3918,Cuyahoga,Region 3,Margaret M. Niedzwiecki,(216) 529-4092
044206,Lancaster City,2780 Coonpath Rd NE,Lancaster,43130-3166,Fairfield,Region 11,Nathan A. Hale,(740) 687-7300
044214,Lebanon City,160 Miller Rd,Lebanon,45036-1648,Warren,Region 13,Isaac W. Seevers,(513) 934-5770
044222,Lima City,755 Saint Johns Ave,Lima,45804-1552,Allen,Region 6,Jill A. Ackerman,(419) 996-3400
044230,Lockland Local,125 S Cooper Ave,Cincinnati,45215-3011,Hamilton,Region 13,Robert J. Longworth,(513) 563-5000
044248,Logan-Hocking Local,2019 E Front St,Logan,43138,Hocking,Region 16,Monte D. Bainter II,(740) 385-8517
044255,London City,380 Elm St 2nd Fl,London,43140-9220,Madison,Region 11,Louis A. Kramer,(740) 852-5700
044263,Lorain City,2601 Pole Ave,Lorain,44052-4303,Lorain,Region 2,Jeffrey M. Graham,(440) 233-2271
044271,Loveland City,757 S Lebanon Rd,Loveland,45140-9308,Hamilton,Region 13,Michael R. Broadwater,(513) 683-5600
044289,Madeira City,7465 Loannes Dr,Cincinnati,45243-1851,Hamilton,Region 13,Kenji Matsudo,(513) 985-6070
044297,Mansfield City,856 W Cook Rd,Mansfield,44907-5012,Richland,Region 7,Stan Jefferson,(419) 525-6400
044305,Maple Heights City,5740 Lawn Ave,Maple Heights,44137-3870,Cuyahoga,Region 3,Olympia A. Della Flora,(216) 587-6100
044313,Mariemont City,2 Warrior Way,Cincinnati,45227-3600,Hamilton,Region 13,Steven E. Estepp,(513) 272-7500
044321,Marietta City,111 Academy Dr,Marietta,45750-8053,Washington,Region 16,Bradley K. Silvus,(740) 374-6500
044339,Marion City,910 E Church St,Marion,43302-5173,Marion,Region 7,Kevin M. Hainer,(740) 223-4402
044347,Martins Ferry City,5001 Ayers Limestone Rd,Martins Ferry,43935-1588,Belmont,Region 12,James Fogle,(740) 633-1732
044354,Massillon City,930 17th St NE,Massillon,44646-4853,Stark,Region 9,Paul J. Salvino,(330) 830-3900
044362,Maumee City,716 Askin St,Maumee,43537-3602,Lucas,Region 1,Steven T. Lee,(419) 893-3200
044370,Mayfield City,1101 S.O.M. Center Road,Mayfield Heights,44124-2006,Cuyahoga,Region 3,Michael J. Barnes,(440) 995-7201
044388,Medina City SD,739 Weymouth Rd,Medina,44256-2037,Medina,Region 8,Aaron J. Sable,(330) 636-3031
044396,Miamisburg City,540 E Park Ave,Miamisburg,45342-2854,Montgomery,Region 10,LAURA L. BLESSING,(937) 866-3381
044404,Middletown City,1 Donham Plz 4th Fl,Middletown,45042-1932,Butler,Region 13,Deborah A. Houser,(513) 423-0781
044412,Mt Healthy City,7615 Harrison Ave,Cincinnati,45231-3107,Hamilton,Region 13,Valerie S. Hawkins,(513) 729-0077
044420,Mount Vernon City,300 Newark Rd,Mount Vernon,43050-4510,Knox,Region 7,William D. Seder,(740) 397-7422
044438,Napoleon Area City,701 Briarheath Ave Ste 108,Napoleon,43545-1251,Henry,Region 1,Erik M. Belcher,(419) 599-7015
044446,Nelsonville-York City,2 Buckeye Dr,Nelsonville,45764-9591,Athens,Region 16,Ricky D. Edwards,(740) 753-4441
044453,Newark City,621 Mount Vernon Rd,Newark,43055-4615,Licking,Region 11,David L. Lewis,(740) 670-7005
044461,New Boston Local,#1 Glenwood Tiger Trail,New Boston,45662,Scioto,Region 15,Melinda M. Burnside,(740) 456-4626
044479,New Lexington School District,2549 Panther Drive,New Lexington,43764-0630,Perry,Region 16,Casey H. Coffey,(740) 342-4133
044487,New Philadelphia City,248 Front Ave SW,New Philadelphia,44663-2150,Tuscarawas,Region 12,Amy D. Wentworth,(330) 364-0600
044495,Niles City,309 N Rhodes Ave,Niles,44446-3821,Trumbull,Region 5,Ann Marie A. Thigpen,(330) 989-5095
044503,North Canton City,525 7th St NE,North Canton,44720-2012,Stark,Region 9,Jeff S. Wendorf,(330) 497-5600
044511,North College Hill City,1731 Goodman Ave,Cincinnati,45239-4844,Hamilton,Region 13,Eugene E. Blalock,(513) 931-8181
044529,North Olmsted City,26669 Butternut Ridge Rd,North Olmsted,44070-3154,Cuyahoga,Region 3,Christopher G. Caleris,(440) 588-5308
044537,North Ridgeville City,34620 Bainbridge Rd,North Ridgeville,44039-2339,Lorain,Region 2,Roxann R. Ramsey-Caserio,(440) 327-4444
044545,North Royalton City,6579 Royalton Rd,North Royalton,44133-4925,Cuyahoga,Region 3,Michael K. Laub Jr,(440) 237-8800
044552,Norton City,4128 Cleveland Massillon Rd,Norton,44203-5633,Summit,Region 8,Bryan N. Farson,(330) 825-0863
044560,Norwalk City,134 Benedict Ave,Norwalk,44857-2349,Huron,Region 2,Bradley E. Cooley,(419) 668-2779
044578,Norwood City,2132 Williams Ave,Norwood,45212-3806,Hamilton,Region 13,Mary A. Ronan,(513) 924-2500
044586,Oakwood City,20 Rubicon Rd,Dayton,45409-2239,Montgomery,Region 10,Neil K. Gupta,(937) 297-5332
044594,Oberlin City Schools,153 N Main St,Oberlin,44074-1173,Lorain,Region 2,David H. Hall,(440) 774-1458
044602,Oregon City,5721 Seaman St,Oregon,43616-2631,Lucas,Region 1,Hal D. Gregory,(419) 693-0661
044610,Orrville City,815 N Ella St,Orrville,44667-1154,Wayne,Region 9,David M. Toth,(330) 682-4651
044628,Painesville City Local,58 Jefferson St,Painesville,44077-3114,Lake,Region 4,Joshua M. Englehart,(440) 392-5060
044636,Parma City,7377 Chateau Dr,Parma,44130-0932,Cuyahoga,Region 3,Charles A. Smialek,(440) 842-5300
044644,Piqua City,215 Looney Rd,Piqua,45356-2411,Miami,Region 10,Dwayne A. Thompson,(937) 773-4321
044651,Port Clinton City,811 Jefferson St,Port Clinton,43452-2415,Ottawa,Region 1,Patrick D. Adkins,(419) 732-2102
044669,Portsmouth City,724 Findlay St,Portsmouth,45662-4113,Scioto,Region 15,Matthew J. McCorkle,(740) 354-4727
044677,Princeton City,3900 Cottingham Dr,Cincinnati,45241-1616,Hamilton,Region 13,Gary E. Card,(513) 864-1000
044685,Ravenna City,534 Summit St,Ravenna,44266-3257,Portage,Region 8,Benjamin M. Ribelin,(330) 296-9679
044693,Reading Community City,810 E Columbia Ave,Reading,45215-3322,Hamilton,Region 13,Damon C. Davis,(513) 554-1800
044701,Rocky River City,1101 Morewood Pkwy,Rocky River,44116-1439,Cuyahoga,Region 3,Michael G. Shoaf,(440) 333-6000
044719,St Bernard-Elmwood Place City,105 Washington Ave,Saint Bernard,45217-1317,Hamilton,Region 13,Mary Eleanor E. Webb,(513) 482-7121
044727,St Marys City,2250 State Route 66,Saint Marys,45885-2312,Auglaize,Region 6,George W. Ruane,(419) 394-4312
044735,Salem City,1226 E State St,Salem,44460-2222,Columbiana,Region 5,Sean P. Kirkland,(330) 332-0316
044743,Sandusky City,407 Decatur St,Sandusky,44870-2442,Erie,Region 2,Daniel J. Rambler,(419) 626-6940
044750,Shaker Heights City,15600 Parkland Dr,Shaker Heights,44120-2529,Cuyahoga,Region 3,David P. Glasner,(216) 295-1400
044768,Sheffield-Sheffield Lake City,1824 Harris Rd,Sheffield Village,44054-2628,Lorain,Region 2,Michael F. Cook,(440) 949-6181
044776,Shelby City,109 W Smiley Ave,Shelby,44875-1576,Richland,Region 7,Michael G. Browning,(419) 342-3520
044784,Sidney City,750 S 4th Ave,Sidney,45365-1163,Shelby,Region 6,Robert J. Humble,(937) 497-2200
044792,South Euclid-Lyndhurst City,5044 Mayfield Rd,Lyndhurst,44124-2605,Cuyahoga,Region 3,Dominick A. Kaple,(216) 691-2000
044800,South-Western City,3805 Marlane Dr,Grove City,43123-9224,Franklin,Region 11,Randy W. Banks,(614) 801-3000
044818,Springfield City School District,1500 W Jefferson St,Springfield,45506-1224,Clark,Region 10,Robert F. Hill,(937) 505-2800
044826,Steubenville City,611 N 4th St,Steubenville,43952-2678,Jefferson,Region 12,Melinda M. Young,(740) 283-3767
044834,Stow-Munroe Falls City School District,4350 Allen Rd,Stow,44224-1032,Summit,Region 8,Felisha Gould,(330) 689-5445
044842,Strongsville City,18199 Cook Ave,Strongsville,44136-5216,Cuyahoga,Region 3,Cameron M. Ryba,(440) 572-7000
044859,Struthers City,99 Euclid Ave,Struthers,44471-1831,Mahoning,Region 5,Peter J. Pirone,(330) 750-1061
044867,Sycamore Community City,5959 Hagewa Dr,Blue Ash,45242-6240,Hamilton,Region 13,Chad A. Lewis,(513) 686-1700
044875,Sylvania Schools,4747 N Holland Sylvania Rd,Sylvania,43560-2116,Lucas,Region 1,Veronica L. Motley,(419) 824-8501
044883,Tallmadge City,486 East Ave,Tallmadge,44278-2000,Summit,Region 8,Steven Wood,(330) 633-3291
044891,Tiffin City Schools,244 S Monroe St,Tiffin,44883-2906,Seneca,Region 7,Gerald L. Nadeau,(419) 447-2515
044909,Toledo City,1609 N Summit St,Toledo,43604-1806,Lucas,Region 1,Romules L. Durant,(419) 671-0500
044917,Toronto City,1307 Dennis Way,Toronto,43964-1952,Jefferson,Region 12,Maureen R. Taggart,(740) 537-2456
044925,Troy City,500 N Market St,Troy,45373-1418,Miami,Region 10,Christopher M. Piper,(937) 332-6700
044933,Upper Arlington City,1619 Zollinger Rd,Upper Arlington,43221-4326,Franklin,Region 11,Robert W. Hunt,(614) 487-5000
044941,Urbana City,711 Wood St,Urbana,43078-1498,Champaign,Region 6,Charles B. Thiel,(937) 653-1402
044958,Vandalia-Butler City,500 S Dixie Dr,Vandalia,45377-2128,Montgomery,Region 10,Robert M. O'Leary,(937) 415-6400
044966,Van Wert City,205 W Crawford St,Van Wert,45891-1903,Van Wert,Region 1,Mark A. Bagley,(419) 238-0648
044974,Wadsworth City,524 Broad St,Wadsworth,44281-2306,Medina,Region 8,Andrew J. Hill,(330) 336-3571
044982,Wapakoneta City,1102 Gardenia Dr,Wapakoneta,45895-1063,Auglaize,Region 6,Aaron M. Rex,(419) 739-2900
044990,Warren City,105 High Street,Warren,44481,Trumbull,Region 5,Stephen G. Chiaro,(330) 841-2321
045005,Warrensville Heights City,4743 Richmond Rd,Warrensville Heights,44128-4134,Cuyahoga,Region 3,Donald J. Jolly,(216) 364-1014
045013,Washington Court House City,306 Highland Ave,Washington Court Hou,43160-1819,Fayette,Region 14,Thomas S. Bailey,(740) 335-6620
045021,Wellston City,1 E Broadway St,Wellston,45692-1225,Jackson,Region 16,Brian E. Rau,(740) 384-2152
045039,Wellsville Local,929 Center St,Wellsville,43968-1423,Columbiana,Region 5,David M. Cappuzzello,(330) 532-2643
045047,Westerville City,936 Eastwind Dr Ste 200,Westerville,43081-3319,Franklin,Region 11,Angela S. Hamberg,(614) 797-5700
045054,West Carrollton City,430 E Pease Ave,West Carrollton,45449-1357,Montgomery,Region 10,Andrea Townsend,(937) 859-5121
045062,Westlake City,24365 Hilliard Blvd,Westlake,44145-3518,Cuyahoga,Region 3,Scott E. Goggin,(440) 871-7300
045070,Whitehall City,625 S Yearling Rd,Whitehall,43213-2861,Franklin,Region 11,Sharee N. Wells,(614) 417-5000
045088,Wickliffe City,2221 Rockefeller Rd,Wickliffe,44092-2020,Lake,Region 4,Joseph G. Spiccia,(440) 943-6900
045096,Willard City,123 W Whisler Dr,Willard,44890-1425,Huron,Region 7,Jeffery R. Ritz,(419) 935-1541
045104,Willoughby-Eastlake City,35353 Curtis Blvd,Eastlake,44095-4065,Lake,Region 4,Patrick A. Ward,(440) 946-5000
045112,Wilmington City,341 S Nelson Ave,Wilmington,45177-2034,Clinton,Region 14,Timothy Dettwiller,(937) 382-1641
045120,Wooster City,144 N Market St,Wooster,44691-4810,Wayne,Region 9,Gabriel D. Tudor,(330) 264-0869
045138,Worthington City,200 E Wilson Bridge Rd,Worthington,43085-2332,Franklin,Region 11,Trent H. Bowers,(614) 450-6000
045146,Wyoming City,420 Springfield Pike,Wyoming,45215-4298,Hamilton,Region 13,Timothy J. Weber,(513) 206-7000
045153,Xenia Community City,819 Colorado Dr,Xenia,45385-4859,Greene,Region 10,Gabriel E. Lofton,(937) 376-2961
045161,Youngstown City,20 W Wood St,Youngstown,44503-1028,Mahoning,Region 5,Jeremy Batchelor,(330) 744-6900
045179,Zanesville City,956 Moxahala Ave,Zanesville,43701-5533,Muskingum,Region 12,Laura D. Tompkins,(740) 454-9751
045187,Ada Exempted Village,725 W North Ave,Ada,45810-1176,Hardin,Region 6,Julie A. Simmons,(419) 634-6421
045195,Amherst Exempted Village,550 Milan Ave,Amherst,44001-1605,Lorain,Region 2,Michael R. Molnar,(440) 988-4406
045203,Barnesville Exempted Village,210 W Church St,Barnesville,43713-1069,Belmont,Region 12,Micah J. Fuchs,(740) 425-3615
045211,Bluffton Exempted Village,102 S Jackson St,Bluffton,45817-1218,Allen,Region 6,Gregory J. Denecker,(419) 358-5901
045229,Bradford Exempted Village,760 Railroad Ave,Bradford,45308-8605,Miami,Region 10,Joseph E. Hurst,(937) 448-2770
045237,Bridgeport Exempted Village,55781 National Rd,Bridgeport,43912-1528,Belmont,Region 12,Brent A. Ripley,(740) 635-1713
045245,Harrison Hills City,100 Huskies Way,Cadiz,43907-1067,Harrison,Region 12,Duran W. Morgan,(740) 942-7800
045252,Caldwell Exempted Village,516 Fairground St,Caldwell,43724-1175,Noble,Region 12,Gregory T. Gifford,(740) 732-5637
045260,Carey Exempted Village Schools,2016 Blue Devil Drive,Carey,43316-1282,Wyandot,Region 7,Michael A. Wank,(419) 396-7922
045278,Carrollton Exempted Village,205 Scio Road SW,Carrollton,44615-8521,Carroll,Region 12,David L. Davis,(330) 627-2181
045286,Chagrin Falls Exempted Village,400 E Washington St,Chagrin Falls,44022-2924,Cuyahoga,Region 3,Jennifer M. Penczarski,(440) 247-5500
045294,Chesapeake Union Exempted Village,10183 County Road 1,Chesapeake,45619-7032,Lawrence,Region 15,Doug W. Hale,(740) 867-3135
045302,Clyde-Green Springs Exempted Village,106 S Main St,Clyde,43410-1633,Sandusky,Region 1,Lucas J. Messer,(419) 547-0588
045310,Coldwater Exempted Village,310 N 2nd St,Coldwater,45828-1242,Mercer,Region 6,Douglas P. Mader,(419) 678-2611
045328,Columbiana Exempted Village,700 Columbiana Waterford Rd,Columbiana,44408-9499,Columbiana,Region 5,Donald J. Mook,(330) 482-5353
045336,Covington Exempted Village,807 Chestnut St,Covington,45318-1760,Miami,Region 10,Joseph T. Hoelzle,(937) 473-2249
045344,Crestline Exempted Village,401 Heiser Ct,Crestline,44827-1360,Crawford,Region 7,James R. Saxer,(419) 683-3647
045351,Crooksville Exempted Village,4065 Ceramic Way,Crooksville,43731,Perry,Region 16,Kevin C. Smith,(740) 982-7040
045369,Fairport Harbor Exempted Village,329 Vine St,Fairport Harbor,44077-5741,Lake,Region 4,William C. Billington,(440) 354-5400
045377,Georgetown Exempted Village,1043 Mount Orab Pike,Georgetown,45121-8440,Brown,Region 14,Bradley E. Winterod,(937) 378-3565
045385,Gibsonburg Exempted Village,301 S Sunset Ave,Gibsonburg,43431-1264,Sandusky,Region 1,Robert N. Falkenstein,(419) 637-2479
045393,Granville Exempted Village,130 N Granger St,Granville,43023-1382,Licking,Region 11,Jeffrey R. Brown,(740) 587-8101
045401,Greenfield Exempted Village,200 N 5th St,Greenfield,45123-1373,Highland,Region 14,Quincey A. Gray,(937) 981-2152
045419,Hicksville Exempted Village School District,958 E High St,Hicksville,43526-1258,Defiance,Region 1,Keith L. Countryman,(419) 542-7665
045427,Hubbard Exempted Village,108 Orchard Ave,Hubbard,44425-1724,Trumbull,Region 5,Raymond W. Soloman,(330) 534-1921
045435,Indian Hill Exempted Village,6855 Drake Rd,Cincinnati,45243-2737,Hamilton,Region 13,Kirk Koennecke,(513) 272-4500
045443,Leetonia Exempted Village School District,450 Walnut St,Leetonia,44431-1075,Columbiana,Region 5,Gerald A. Delboccio,(330) 427-6594
045450,Lisbon Exempted Village,317 N Market St,Lisbon,44432-1145,Columbiana,Region 5,Joseph E. Siefke,(330) 424-7714
045468,Loudonville-Perrysville Exempted Village,210 E Main St,Loudonville,44842-1245,Ashland,Region 7,Jennifer L. Allerding,(419) 994-3912
045476,Marysville Exempted Village,212 Chestnut St,Marysville,43040-2105,Union,Region 11,Diane M. Allen,(937) 578-6100
045484,Mechanicsburg Exempted Village,60 High St,Mechanicsburg,43044-1071,Champaign,Region 6,Danielle M. Prohaska,(937) 834-2453
045492,Mentor Exempted Village,6451 Center St,Mentor,44060-4109,Lake,Region 4,Craig M. Heath,(440) 255-4444
045500,Milford Exempted Village,1099 State Route 131,Milford,45150-1607,Clermont,Region 13,John W. Spieser,(513) 831-1314
045518,Milton-Union Exempted Village,7610 Milton Potsdam Rd,West Milton,45383-9602,Miami,Region 10,Brad M. Ritchey,(937) 884-7910
045526,Montpelier Exempted Village,1015 E Brown Rd,Montpelier,43543-2026,Williams,Region 1,Travis L. Lichty,(419) 485-6700
045534,Mount Gilead Exempted Village,145 N Cherry St,Mount Gilead,43338-1266,Morrow,Region 7,Zachary B. Howard,(419) 946-1646
045542,Newcomerstown Exempted Village,702 S River St,Newcomerstown,43832-1450,Tuscarawas,Region 12,Jason C. Peoples,(740) 498-8373
045559,New Richmond Exempted Village,1135 Bethel New Richmond Rd,New Richmond,45157-8530,Clermont,Region 13,Tracey D. Miller,(513) 553-2616
045567,Newton Falls Exempted Village,909 1/2 Milton Blvd,Newton Falls,44444-9707,Trumbull,Region 5,Andreas E. Johansson,(330) 872-5445
045575,Paulding Exempted Village,405 N Water St,Paulding,45879-1251,Paulding,Region 1,Christopher D. Etzler,(419) 399-4656
045583,Perrysburg Exempted Village,140 E Indiana Ave,Perrysburg,43551-2261,Wood,Region 1,Thomas L. Hosler,(419) 874-9131
045591,Rittman Exempted Village,100 Saurer St,Rittman,44270-1259,Wayne,Region 9,James J. Ritchie,(330) 927-7400
045609,Rossford Exempted Village,701 Superior St,Rossford,43460-1317,Wood,Region 1,Daniel Creps,(419) 666-2010
045617,Tipp City Exempted Village,90 S Tippecanoe Dr,Tipp City,45371-1139,Miami,Region 10,Aaron M. Moran,(937) 667-8444
045625,Upper Sandusky Exempted Village,800 N Sandusky Ave,Upper Sandusky,43351-1032,Wyandot,Region 7,Eric D. Landversicht,(419) 294-2307
045633,Versailles Exempted Village,459 S Center St,Versailles,45380-1105,Darke,Region 10,David L. Harmon,(937) 526-4773
045641,Wauseon Exempted Village,930 E Oak St,Wauseon,43567-1350,Fulton,Region 1,Troy A. Armstrong,(419) 335-6616
045658,Wellington Exempted Village,305 Union St,Wellington,44090-1072,Lorain,Region 2,Andrew J. Peltz,(440) 647-4286
045666,Windham Exempted Village,9530 Bauer Ave,Windham,44288-1004,Portage,Region 8,Michael A. Dobran,(330) 326-2711
045674,Yellow Springs Exempted Village,888 Dayton St Unit 106,Yellow Springs,45387-1805,Greene,Region 10,Terri L. Holden,(937) 767-7381
045757,Allen East Local,9105 Harding Hwy,Harrod,45850-9485,Allen,Region 6,Mel L. Rentschler,(419) 648-3333
045765,Bath Local,2650 Bible Rd,Lima,45801-2246,Allen,Region 6,Michael Y. Estes,(419) 221-0807
045773,Elida Local,4380 Sunnydale St,Elida,45807-9593,Allen,Region 6,Joel W. Mengerink,(419) 338-6804
045781,Perry Local,2770 E Breese Rd,Lima,45806-9743,Allen,Region 6,Kelly L. Schooler,(419) 221-2770
045799,Shawnee Local,3255 Zurmehly Rd,Lima,45806-1434,Allen,Region 6,Donald F. Diglia,(419) 998-8031
045807,Spencerville Local,600 School St,Spencerville,45887-1293,Allen,Region 6,Brian D. Woods,(419) 647-4111
045823,Hillsdale Local,479 Township Road 1902,Jeromesville,44840-9754,Ashland,Region 7,Catherine H. Trevathan,(419) 368-8231
045831,Mapleton Local,635 County Road 801,Ashland,44805-9571,Ashland,Region 7,Ronald S. Smith,
045856,Buckeye Local,3436 Edgewood Dr,Ashtabula,44004-5967,Ashtabula,Region 5,Patrick E. Colucci,(440) 998-4411
045864,Grand Valley Local,111 Grand Valley Ave West,Orwell,44076-9420,Ashtabula,Region 5,William R. Nye,(440) 805-4545
045872,Jefferson Area Local,121 S Poplar St,Jefferson,44047-1328,Ashtabula,Region 5,John C. Montanaro,(440) 576-9180
045880,Pymatuning Valley Local,5571 Rt 6 W,Andover,44003,Ashtabula,Region 5,Christopher D. Edison,(440) 293-6488
045906,Alexander Local,6091 Ayers Rd,Albany,45710-9492,Athens,Region 16,William T. Hampton,(740) 698-8831
045914,Federal Hocking Local,8461 State Route 144,Stewart,45778-9501,Athens,Region 16,Jason Spencer,(740) 662-6691
045922,Trimble Local,1 Tomcat Dr,Glouster,45732-9335,Athens,Region 16,John R. Hurd,(740) 767-4444
045948,Minster Local,50 E 7th St,Minster,45865-1095,Auglaize,Region 6,Joshua E. Meyer,(419) 628-3397
045955,New Bremen Local,901 E Monroe St,New Bremen,45869-9685,Auglaize,Region 6,Jason A. Schrader,(419) 629-8606
045963,New Knoxville Local,345 S Main St,New Knoxville,45871-0476,Auglaize,Region 6,Kimberly S. Waterman,(419) 753-2431
045971,Waynesfield-Goshen Local,500 N Westminster St,Waynesfield,45896-9448,Auglaize,Region 6,Timothy J. Pence,(419) 568-9100
045997,St Clairsville-Richland City,108 Woodrow Ave,Saint Clairsville,43950-1567,Belmont,Region 12,Walter E. Skaggs,(740) 695-1624
046003,Shadyside Local,3890 Lincoln Ave,Shadyside,43947-1319,Belmont,Region 12,John M. Haswell,(740) 676-3235
046011,Union Local,66779 Belmont Morristown Rd,Belmont,43718-9568,Belmont,Region 12,Zachary E. Shutler,(740) 782-1978
046037,Eastern Local School District,11479 Us Highway 62,Winchester,45697-9690,Brown,Region 14,Jordan R. Michael,(937) 695-6276
046045,Fayetteville-Perry Local,551 S Apple St,Fayetteville,45118-8461,Brown,Region 14,Timothy S. Carlier,(513) 875-2423
046060,Western Brown Local,524 W Main St,Mount Orab,45154-8262,Brown,Region 14,Raegan L. White,(937) 444-2044
046078,Ripley-Union-Lewis-Huntington Local,502 S 2nd St,Ripley,45167-1306,Brown,Region 14,James L. Wilkins II,(937) 392-4396
046094,Edgewood City School District,3500 Busenbark Rd,Trenton,45067-7612,Butler,Region 13,Kelly L. Spivey,(513) 867-3400
046102,Fairfield City,4641 Bach Ln,Fairfield,45014-1900,Butler,Region 13,Billy J. Smith,(513) 829-6300
046110,Lakota Local,5572 Princeton Rd,Liberty Township,45011-9726,Butler,Region 13,ASHLEY L. WHITELY,(513) 874-5505
046128,Madison Local,1324 Middletown Eaton Rd,Middletown,45042-1525,Butler,Region 13,Jeffery S. Staggs,(513) 420-4750
046136,New Miami Local,600 Seven Mile Ave,Hamilton,45011-5748,Butler,Region 13,Rhonda J. Parker,(513) 863-0833
046144,Ross Local,3371 Hamilton Cleves Rd,Hamilton,45013-9535,Butler,Region 13,William R. Rice,(513) 863-1253
046151,Talawanda City,131 W Chestnut St,Oxford,45056-2619,Butler,Region 13,Edward M. Theroux,(513) 273-3333
046177,Brown Local,3242 Coral Rd NW,Malvern,44644-9467,Carroll,Region 12,Mark D. Scott,(330) 863-1170
046193,Graham Local,9915 US Highway 36,Saint Paris,43072-9496,Champaign,Region 6,Chad A. Lensman,(937) 663-4123
046201,Triad Local,7920 Brush Lake Road,North Lewisburg,43060-9617,Champaign,Region 6,Vickie M. Hoffman,(937) 826-4961
046219,West Liberty-Salem Local,7208 US Highway 68 N,West Liberty,43357-9663,Champaign,Region 6,Kraig E. Hissong,(937) 465-1075
046235,Greenon Local,120 S Xenia Dr,Enon,45323-1759,Clark,Region 10,Darrin K. Knapke,(937) 864-1202
046243,Tecumseh Local,9760 W National Rd,New Carlisle,45344-9290,Clark,Region 10,Paula K. Crew,(937) 845-3576
046250,Northeastern Local,4435 Bosart Rd,Springfield,45503-8826,Clark,Region 10,Jack Fisher,(937) 325-7615
046268,Northwestern Local,5610 Troy Rd,Springfield,45502-9032,Clark,Region 10,Jeffrey M. Patrick,(937) 964-1318
046276,Southeastern Local,226 Clifton Rd,South Charleston,45368-9602,Clark,Region 10,David M. Shea,(937) 462-8388
046284,Clark-Shawnee Local,3680 Selma Rd,Springfield,45502-6310,Clark,Region 10,Brian C. Kuhn,(937) 717-2400
046300,Batavia Local,4 Bulldog Pl,Batavia,45103-1990,Clermont,Region 13,Keith D. Millard,(513) 732-2343
046318,Bethel-Tate Local,675 West Plane Street,Bethel,45106,Clermont,Region 13,Melissa A. Kircher,(513) 734-2271
046326,Clermont Northeastern Local,2792 Us Highway 50,Batavia,45103-8532,Clermont,Region 13,Timothy R. Sies,(513) 625-1211
046334,Felicity-Franklin Local,105 Market St,Felicity,45120-9668,Clermont,Region 13,Robert T. Walker,(513) 362-5348
046342,Goshen Local,6694 Goshen Rd,Goshen,45122-9273,Clermont,Region 13,Brian A. Bailey,(513) 722-2222
046359,West Clermont Local,4350 Aicholtz Rd,Cincinnati,45245-1505,Clermont,Region 13,Natasha L. Adams,(513) 943-5000
046367,Williamsburg Local,549A W Main St,Williamsburg,45176-1110,Clermont,Region 13,Matthew D. Earley,(513) 724-3077
046383,Blanchester Local,957 Cherry St,Blanchester,45107-7846,Clinton,Region 14,Larry R. Dunlap,(937) 783-3523
046391,Clinton-Massie Local,2556 Lebanon Rd,Clarksville,45113-8201,Clinton,Region 14,David E. Moss,(937) 289-2471
046409,East Clinton Local,97 Astro Way,Sabina,45169-9521,Clinton,Region 14,Eric B. Magee,(937) 584-2461
046425,Beaver Local,46088 Bell School Rd,East Liverpool,43920-8774,Columbiana,Region 5,Eric N. Lowe,(330) 385-6831
046433,Crestview Local,44100 Crestview Rd Ste A,Columbiana,44408-9660,Columbiana,Region 5,Daniel C. Hill,(330) 482-5526
046441,Southern Local,38095 State Route 39,Salineville,43945-9726,Columbiana,Region 5,Thomas J. Cunningham,(330) 679-2343
046458,United Local,8143 State Route 9,Hanoverton,44423-8618,Columbiana,Region 5,Lance B. Hostetler,(330) 223-1521
046474,Ridgewood Local,301 S Oak St,West Lafayette,43845-1339,Coshocton,Region 12,Michael A. Masloski,(740) 545-5312
046482,River View Local,26496 State Route 60,Warsaw,43844-9714,Coshocton,Region 12,Charles A. Rinkes,(740) 824-3521
046508,Buckeye Central Local,938 S Kibler St,New Washington,44854-9521,Crawford,Region 7,Mark A. Robinson,(419) 492-2864
046516,Colonel Crawford Local,2303 State Route 602,Crestline,44827-9711,Crawford,Region 7,Michael J. Voll,(419) 562-6755
046524,Wynford Local,3288 Holmes Center Rd,Bucyrus,44820-9463,Crawford,Region 7,Forrest L. Trisler,(419) 562-7828
046557,Cuyahoga Heights Local,4820 E 71st St,Cuyahoga Heights,44125-1043,Cuyahoga,Region 3,William M. Young,(216) 429-5700
046565,Independence Local,7733 Stone Rd,Independence,44131-4813,Cuyahoga,Region 3,Kelli E. Cogan,(216) 642-5850
046573,Olmsted Falls City,26937 Bagley Rd,Olmsted Falls,44138-1161,Cuyahoga,Region 3,James L. Lloyd,(440) 427-6000
046581,Orange City,32000 Chagrin Blvd,Cleveland,44124-5922,Cuyahoga,Region 3,Wendell L. Campbell,(216) 831-8600
046599,Richmond Heights Local,447 Richmond Rd,Richmond Heights,44143-1429,Cuyahoga,Region 3,Marnisha R. Brown,(216) 692-8485
046607,Solon City,33800 Inwood Dr,Solon,44139-4133,Cuyahoga,Region 3,Fred E. Bolden,(440) 248-1600
046623,Ansonia Local,600 E Canal,Ansonia,45303-0279,Darke,Region 10,PJ E. Burgett,(937) 337-4000
046631,Arcanum-Butler Local,2011 Trojan Ave,Arcanum,45304-1381,Darke,Region 10,Johnathan N. Stephens,(937) 692-5174
046649,Franklin Monroe Local,8639 Oakes Rd,Arcanum,45304-9610,Darke,Region 10,Jeremy L. Pequignot,(937) 947-1212
046672,Mississinawa Valley Local,1469 State Road 47 E,Union City,45390-8628,Darke,Region 10,Jeffrey A. Winchester,(937) 968-5656
046680,Tri-Village Local,315 S Main St,New Madison,45346-9797,Darke,Region 10,Joshua M. Sagester,(937) 996-6261
046706,Ayersville Local,28046 Watson Rd,Defiance,43512-8851,Defiance,Region 1,Brian C. Becher,(419) 395-1111
046714,Central Local,6289 Us Highway 127,Sherwood,43556-9735,Defiance,Region 1,Stephen E. Arnold,(419) 658-2808
046722,Northeastern Local,5855 Domersville Rd,Defiance,43512-9121,Defiance,Region 1,NICOLE A. WELLS,(419) 497-3461
046748,Big Walnut Local,110 Tippett Ct,Sunbury,43074-9334,Delaware,Region 11,Ryan P. McLane,(740) 965-3010
046755,Buckeye Valley Local,679 Coover Rd,Delaware,43015-9562,Delaware,Region 11,Richard J. Stranges,(740) 369-8735
046763,Olentangy Local,7840 Graphics Way,Lewis Center,43035-9078,Delaware,Region 11,Todd R. Meyer,(740) 657-4050
046789,Edison Local (formerly Berlin-Milan),140 Main St S,Milan,44846-9735,Erie,Region 2,Corey L. Ream,(419) 499-3000
046805,Margaretta Local,305 S Washington St,Castalia,44824-9263,Erie,Region 2,Edward P. Kurt,(419) 684-5322
046813,Perkins Local,3714 Campbell St Ste B,Sandusky,44870-7232,Erie,Region 2,Lonny J. Rivera,(419) 625-0484
046821,Vermilion Local,1250 Sanford St,Vermilion,44089-1577,Erie,Region 2,David L. Hile,(440) 204-1700
046847,Amanda-Clearcreek Local,328 E Main St,Amanda,43102-9330,Fairfield,Region 11,Timothy R. Edwards,(740) 969-7250
046854,Berne Union Local,506 N Main St,Sugar Grove,43155-0187,Fairfield,Region 11,Jonathan M. Parker,(740) 746-8341
046862,Bloom-Carroll Local,5240 Plum Rd,Carroll,43112-9716,Fairfield,Region 11,Shawn P. Haughn,(740) 756-9700
046870,Fairfield Union Local,6417 Cincinnati Zanesville Rd NE,Lancaster,43130-9323,Fairfield,Region 11,Jon C. Belville,(740) 536-7384
046888,Liberty Union-Thurston Local,1108 S Main St,Baltimore,43105-9700,Fairfield,Region 11,Michael L. Johnson,(740) 862-4171
046896,Pickerington Local,90 East St.,Pickerington,43147-1061,Fairfield,Region 11,Chris M. Briggs,(614) 833-2110
046904,Walnut Township Local,11850 Lancaster St,Millersport,43046,Fairfield,Region 11,Kimberly A. Miller,(740) 467-2802
046920,Miami Trace Local,3818 State Route 41 NW,Washington Court House,43160-9184,Fayette,Region 14,Kimberly S. Pittser,(740) 335-3010
046946,Canal Winchester Local,100 Washington St,Canal Winchester,43110-1224,Franklin,Region 11,Kiya D. Hunt,(614) 837-4533
046953,Hamilton Local,775 Rathmell Rd,Columbus,43207-4737,Franklin,Region 11,Mark M. Tyler,(614) 491-8044
046961,Gahanna-Jefferson City,630 Morrison Rd Ste 200,Gahanna,43230-2919,Franklin,Region 11,Tracey R. Deagle,(614) 471-7065
046979,Groveport Madison Local,4400 Marketing Pl Ste B,Groveport,43125-2009,Franklin,Region 11,James C. Grube,(614) 492-2520
046995,New Albany-Plain Local,55 N High St,New Albany,43054-7099,Franklin,Region 11,Michael L. Sawyers,(614) 855-2040
047001,Reynoldsburg City,7244 E Main St,Reynoldsburg,43068-2014,Franklin,Region 11,Tracy R. Reed,(614) 501-1020
047019,Hilliard City,2140 Atlas St,Columbus,43228-9647,Franklin,Region 11,David J. Stewart,(614) 921-7000
047027,Dublin City,5175 Emerald Pkwy,Dublin,43017-1068,Franklin,Region 11,John C. Marschhausen,(614) 764-5913
047043,Archbold-Area Local,600 Lafayette St,Archbold,43502-1656,Fulton,Region 1,Jayson A. Selgo,(419) 446-2728
047050,Evergreen Local,14544 County Road 6,Metamora,43540-9741,Fulton,Region 1,Eric J. Smola,(419) 644-3521
047068,Fayette Local,400 E Gamble Rd,Fayette,43521-9462,Fulton,Region 1,Angela R. Belcher,(416) 237-2573
047076,Pettisville Local,232 Summit St,Pettisville,43553,Fulton,Region 1,Joshua L. Clark,(419) 446-2705
047084,Pike-Delta-York Local,504 Fernwood St.,Delta,43515-1204,Fulton,Region 1,Jonathan T. Burke,(419) 822-3391
047092,Swanton Local,108 N Main St,Swanton,43558-1032,Fulton,Region 1,Christopher M. Lake,(419) 826-7085
047167,Berkshire Local,14155 Claridon Troy Rd,Burton,44021-9521,Geauga,Region 4,John R. Stoddard,(440) 834-3380
047175,Cardinal Local,15982 E High St,Middlefield,44062-9474,Geauga,Region 4,Jackie L. Cunningham Jr,(440) 632-0261
047183,Chardon Local,428 North St,Chardon,44024-1036,Geauga,Region 4,Michael P. Hanlon,(440) 285-4052
047191,Kenston Local,17419 Snyder Rd,Chagrin Falls,44023-2730,Geauga,Region 4,Bruce R. Willingham,(440) 543-9677
047225,West Geauga Local,8615 Cedar Rd,Chesterland,44026-3519,Geauga,Region 4,Richard A. Markwardt,(440) 729-5900
047241,Beavercreek City,3040 Kemp Rd,Beavercreek,45431-2644,Greene,Region 10,Paul M. Otten,(937) 426-1522
047258,Cedar Cliff Local,248 N Main St,Cedarville,45314-8541,Greene,Region 10,Brian R. Masser,(937) 766-6000
047266,Greeneview Local,4 S Charleston Rd,Jamestown,45335-1520,Greene,Region 10,Sabrina A. Woodruff,(937) 675-2728
047274,Bellbrook-Sugarcreek Local,3757 Upper Bellbrook Rd,Bellbrook,45305-8750,Greene,Region 10,Douglas A. Cozad,(937) 848-5001
047308,Rolling Hills Local,60851 Southgate Rd,Cambridge,43725-8006,Guernsey,Region 12,Devvon C. Dettra,(740) 432-5370
047332,Finneytown Local,8791 Brent Dr,Cincinnati,45231-4806,Hamilton,Region 13,Laurie A. Banks,(513) 728-3700
047340,Forest Hills Local,7946 Beechmont Ave,Cincinnati,45255-4307,Hamilton,Region 13,Larry R. Hook,(513) 231-3600
047365,Northwest Local,3240 Banning Rd,Cincinnati,45239-5207,Hamilton,Region 13,Darrell J. Yater,(513) 923-1000
047373,Oak Hills Local,6325 Rapid Run Rd,Cincinnati,45233-4555,Hamilton,Region 13,Jeffrey T. Brandt,(513) 574-3200
047381,Southwest Local,10800 Campbell Rd,Harrison,45030-1444,Hamilton,Region 13,John C. Hamstra,(513) 367-4139
047399,Three Rivers Local,401 N Miami Ave,Cleves,45002-1024,Hamilton,Region 13,Mark Ault,(513) 941-6400
047415,Arcadia Local,19033 State Route 12,Arcadia,44804-9714,Hancock,Region 1,David M. Golden,(419) 894-6431
047423,Arlington Local,336 S Main St,Arlington,45814,Hancock,Region 1,Kevin S. Haught,(419) 365-5121
047431,Cory-Rawson Local,3930 County Road 26,Rawson,45881-9609,Hancock,Region 1,Jason A. Clark,(419) 963-3415
047449,Liberty-Benton Local,9190 County Road 9,Findlay,45840-8811,Hancock,Region 1,Bruce A. Otley,(419) 422-8526
047456,McComb Local,328 S Todd St,McComb,45858-0877,Hancock,Region 1,Jeremy J. Herr,(419) 293-3979
047464,Van Buren Local,217 S Main St,Van Buren,45889-9720,Hancock,Region 1,Jason R. Inkrott,(419) 299-3863
047472,Vanlue Local,301 S East St,Vanlue,45890,Hancock,Region 1,Traci L. Conley,(419) 387-7724
047498,Hardin Northern Local,11589 State Route 81,Dola,45835-9706,Hardin,Region 6,Andrew K. Cano,(419) 759-2331
047506,Ridgemont Local,560 Taylor St W,Mount Victory,43340-8802,Hardin,Region 6,BRIAN P. Hogan,(937) 354-2441
047514,Riverdale Local,20613 State Route 37,Mt Blanchard,45867-9783,Hancock,Region 6,Greg S. Rossman,(419) 694-2211
047522,Upper Scioto Valley Local,510 S Courtright St,McGuffey,45859,Hardin,Region 6,Craig M. Hurley,(419) 757-3231
047548,Conotton Valley Union Local,7205 Cumberland Rd SW,Bowerston,44695,Harrison,Region 12,John R. Zucal,(740) 269-2000
047571,Holgate Local,801 Joe E Brown Ave,Holgate,43527-9802,Henry,Region 1,Jessica L. Schuette,(419) 264-5141
047589,Liberty Center Local,100 Tiger Trail,Liberty Center,43532,Henry,Region 1,Richard A. Peters,(419) 533-5011
047597,Patrick Henry Local,6900 State Route 18,Hamler,43524-9781,Henry,Region 1,Joshua M. Biederstedt,(419) 274-3015
047613,Bright Local,44 N High St,Mowrystown,45155-0299,Highland,Region 14,JASON T. ILES,(937) 442-3114
047621,Fairfield Local,11611 State Route 771,Leesburg,45135-8601,Highland,Region 14,Kesia E. McCoy,(937) 780-2221
047639,Lynchburg-Clay Local,301 E Pearl St,Lynchburg,45142,Highland,Region 14,Ronald L. Sexton,(937) 364-2338
047688,East Holmes Local,4535 TR 367,Millersburg,44654-9136,Holmes,Region 12,Erik H. Beun,(330) 893-2610
047696,West Holmes Local,28 W Jackson St,Millersburg,44654-1302,Holmes,Region 9,Eric J. Jurkovic,(330) 674-3546
047712,Monroeville Local,101 West St,Monroeville,44847-9797,Huron,Region 2,Kristin L. Jones,(419) 465-2610
047720,New London Local,2 Wildcat Dr,New London,44851-9262,Huron,Region 2,Bradley A. Romano,(419) 929-1586
047738,South Central Local,3305 Greenwich Angling Rd,Greenwich,44837-9443,Huron,Region 2,Benjamin H. Chaffee Jr,(419) 752-3815
047746,Western Reserve Local,3765 US Rt 20,Collins,44826,Huron,Region 2,William B. Snyder,(419) 660-8508
047761,Oak Hill Union Local,205 Western Ave,Oak Hill,45656-1068,Jackson,Region 16,Jason A. Mantell,(740) 682-7595
047787,Buckeye Local,6899 State Highway 150,Dillonvale,43917-7904,Jefferson,Region 12,Coy M. Sudvary,(740) 769-7395
047795,Edison Local,14890 State Route 213,Hammondsville,43930-7902,Jefferson,Region 12,George W. Beattie,(330) 532-3199
047803,Indian Creek Local,100 Park Dr,Wintersville,43953-4231,Jefferson,Region 12,Thomas C. Chappelear,(740) 264-3502
047829,Centerburg Local,119 S Preston St,Centerburg,43011-7058,Knox,Region 7,Ryan S. Gallwitz,(740) 625-6346
047837,Danville Local,203 S Richards St,Danville,43014-9609,Knox,Region 7,Jason T. Snively,(740) 599-6116
047845,East Knox Local,23201 Coshocton Rd,Howard,43028-9362,Knox,Region 7,Richard J. Baird,(740) 599-7000
047852,Fredericktown Local,117 Columbus Rd,Fredericktown,43019-1272,Knox,Region 7,Gary L. Chapman,(740) 694-2956
047878,Kirtland Local,9252 Chillicothe Rd,Kirtland,44094-9298,Lake,Region 4,Chad M. VanArnhem,(440) 256-3360
047886,Madison Local,1956 Red Bird Rd,Madison,44057-2122,Lake,Region 4,Angela M. Smith,(440) 428-2166
047894,Riverside Local,585 Riverside Dr,Painesville,44077-5323,Lake,Region 4,Christopher J. Rateno,(440) 352-0668
047902,Perry Local,4325 Manchester Ave,Perry,44081-9413,Lake,Region 4,Jack K. Thompson,(440) 259-9200
047928,Dawson-Bryant Local,701 High St,Coal Grove,45638-2947,Lawrence,Region 15,Ellen F. Adkins,(740) 532-6451
047936,Fairland Local,228 Private Drive 10010,Proctorville,45669-8600,Lawrence,Region 15,Roni D. Hayes,(740) 886-3100
047944,Rock Hill Local,2325A Co. Rd. 26,Ironton,45638-8385,Lawrence,Region 15,Glenn D. Hopper,(740) 532-7030
047951,South Point Local,302 High St,South Point,45680,Lawrence,Region 15,Chris A. Mathes,(740) 377-4315
047969,Symmes Valley Local,14778 State Route 141,Willow Wood,45696-9015,Lawrence,Region 15,Gregory S. Bowman,(740) 643-2451
047985,Johnstown-Monroe Local,85 W Douglas St,Johnstown,43031-1297,Licking,Region 11,Philip H. Wagner,(740) 967-6846
047993,Lakewood Local,525 E Main St,Hebron,43025-9702,Licking,Region 11,Timothy S. Coffey,(740) 928-5878
048009,Licking Heights Local,6539 Summit Rd SW,Pataskala,43062-8767,Licking,Region 11,Kevin S. Miller,(740) 927-6926
048017,Licking Valley Local,1379 Licking Valley Rd,Newark,43055-9450,Licking,Region 11,Scott A. Beery,(740) 763-3525
048025,North Fork Local,312 Maple Ave,Utica,43080-9756,Licking,Region 11,Scott L. Hartley,(740) 892-3666
048033,Northridge Local,6097 Johnstown Utica Rd,Johnstown,43031-9408,Licking,Region 11,Kristine T. Michael,(740) 967-6631
048041,Southwest Licking Local,927-A South Street,Pataskala,43062,Licking,Region 11,Kasey A. Rathburn,(740) 927-3941
048074,Benjamin Logan Local,4740 County Road 26,Bellefontaine,43311-9532,Logan,Region 6,John F. Scheu,(937) 593-9211
048082,Indian Lake Local,6210 State Route 235 N,Lewistown,43333-9704,Logan,Region 6,Robert J. Underwood,(937) 686-8601
048090,Riverside Local,2096 County Road 24 S,De Graff,43318-9406,Logan,Region 6,Scott M. Mann,(937) 585-5981
048116,Avon Local,36600 Detroit Rd,Avon,44011-1507,Lorain,Region 2,Benjamin P. Hodge,(440) 937-4680
048124,Avon Lake City,175 Avon Belden Rd,Avon Lake,44012-1600,Lorain,Region 2,Joelle M. Magyar,(440) 933-6210
048132,Clearview Local,4700 Broadway,Lorain,44052-5542,Lorain,Region 2,Jerome M. Davis,(440) 233-5412
048140,Columbia Local,25796 Royalton Rd,Columbia Station,44028-9441,Lorain,Region 2,Graig P. Bansek,(440) 236-5008
048157,Firelands Local,112 N Lake St,South Amherst,44001-2824,Lorain,Region 2,Michael J. Von Gunten,(440) 965-5821
048165,Keystone Local,531 Opportunity Way,Lagrange,44050-9016,Lorain,Region 2,Zachary C. Weagley,(440) 355-2424
048173,Midview Local,13050 Durkee Rd,Grafton,44044-1122,Lorain,Region 2,Francis M. Major,(440) 748-5353
048207,Anthony Wayne Local,9565 Bucher Rd,Whitehouse,43571-9366,Lucas,Region 1,Kevin L. Herman,(419) 877-5377
048215,Ottawa Hills Local,4035 W Central Ave,Toledo,43606-2425,Lucas,Region 1,Adam D. Fineske,(419) 536-6371
048223,Springfield Local,6924 Spring Valley Dr,Holland,43528-9485,Lucas,Region 1,Matthew K. Geha,(419) 867-5600
048231,Washington Local,3505 W Lincolnshire Blvd,Toledo,43606-1231,Lucas,Region 1,Kristine K. Martin,(419) 473-8220
048256,Jefferson Local,906 W Main St,West Jefferson,43162-1144,Madison,Region 11,William R. Mullett,(614) 879-7654
048264,Jonathan Alder Local,9200 Us Highway 42 S,Plain City,43064,Madison,Region 11,James N. Miller,(614) 873-5621
048272,Madison-Plains Local,55 Linson Rd,London,43140-9751,Madison,Region 11,Chadwick R. Eisler,(740) 852-0290
048298,Austintown Local Schools,700 S Raccoon Rd,Youngstown,44515-3536,Mahoning,Region 5,Timothy S. Kelty,(330) 797-3900
048306,Boardman Local,7777 Glenwood Ave,Youngstown,44512-5612,Mahoning,Region 5,Christopher S. Neifer,(330) 726-3404
048314,Canfield Local,100 Wadsworth St,Canfield,44406-1451,Mahoning,Region 5,Joseph A. Knoll,(330) 533-3303
048322,Jackson-Milton Local,13910 Mahoning Ave,North Jackson,44451-9616,Mahoning,Region 5,Kirk W. Baker,(330) 538-3232
048330,Lowellville Local,52 Rocket Place,Lowellville,44436,Mahoning,Region 5,Christine M. Sawicki,(330) 536-6318
048348,Poland Local,3030 Dobbins Rd,Poland,44514-2327,Mahoning,Region 5,Craig D. Hockenberry,(330) 757-7000
048355,Sebring Local,510 N 14th St,Sebring,44672-1400,Mahoning,Region 5,Antoinette C. Viscounte,(330) 938-6165
048363,South Range Local,11300 Columbiana Canfield Rd Ste B,Canfield,44406-8485,Mahoning,Region 5,Jarred T. Zapolnik,(330) 549-5226
048371,Springfield Local,11335 Youngstown Pittsburgh Rd,New Middletown,44442-8724,Mahoning,Region 5,Rachael A. Smith,(330) 542-2929
048389,West Branch Local,14277 S Main St,Beloit,44609-9504,Mahoning,Region 5,Mary J. Egli,(330) 938-9324
048397,Western Reserve Local,13850 W Akron Canfield Rd,Berlin Center,44401-9752,Mahoning,Region 5,Dallas J. Saunders,(330) 547-4100
048413,Elgin Local,1239 Keener Rd S,Marion,43302-1110,Marion,Region 7,Lane A. Warner,(740) 382-1101
048421,Pleasant Local,1117 Owens Rd W,Marion,43302-8421,Marion,Region 7,Thomas McDonnell,(740) 389-4476
048439,Ridgedale Local,3103 Hillman Ford Rd,Morral,43337-9302,Marion,Region 7,Erika S. Bower,(740) 382-6065
048447,River Valley Local,197 Brockelsby Road,Caledonia,43314,Marion,Region 7,Adam K. Wickham,(740) 725-5401
048462,Black River Local,257A County Road 40,Sullivan,44880-9731,Medina,Region 7,Anthony J. Stretar,(419) 736-3300
048470,Buckeye Local,3044 Columbia Rd,Medina,44256-9411,Medina,Region 8,Jeffrey M. Stanton,(330) 722-8257
048488,Cloverleaf Local,8525 Friendsville Rd,Lodi,44254-9706,Medina,Region 8,Daryl G. Kubilus Jr,(330) 302-0303
048496,Highland Local,3880 Ridge Rd,Medina,44256-7920,Medina,Region 8,Catherine L. Aukerman,(330) 239-1901
048512,Eastern Local,50008 State Route 681,Reedsville,45772-9022,Meigs,Region 16,NICHOLAS DETTWILLER,(740) 667-6079
048520,Meigs Local,41765 Pomeroy Pike,Pomeroy,45769-9411,Meigs,Region 16,Scot F. Gheen,(740) 992-2153
048538,Southern Local,106 N Broadway St,Racine,45771-5013,Meigs,Region 16,Anthony W. Deem,(740) 949-2661
048553,Marion Local,7956 State Route 119,Maria Stein,45860-9710,Mercer,Region 6,Michael L. Pohlman,(419) 925-4294
048579,Parkway Local,400 Buckeye St,Rockford,45882-9267,Mercer,Region 6,Jean M. Osterfeld,(419) 363-3045
048587,St Henry Consolidated Local,391 E Columbus St,Saint Henry,45883-9574,Mercer,Region 6,Adam Puthoff,(419) 678-4834
048595,Fort Recovery Local,400 E Butler St,Fort Recovery,45846,Mercer,Region 6,Anthony T. Stahl,(419) 375-4139
048611,Bethel Local,7490 State Route 201,Tipp City,45371-7316,Miami,Region 10,Michael E. Nutter,(937) 845-9414
048629,Miami East Local,3825 N State Route 589,Casstown,45312-9707,Miami,Region 10,Eric R. Hughes,(937) 335-7505
048637,Newton Local,201 N Long St,Pleasant Hill,45359,Miami,Region 10,Danielle L. Davis,(937) 676-2002
048652,Switzerland of Ohio Local,304 Mill St,Woodsfield,43793-1256,Monroe,Region 12,Philip M. Ackerman,(740) 472-5801
048678,Brookville Local,75 June Pl,Brookville,45309-1621,Montgomery,Region 10,Jason E. Wood,(937) 833-2181
048686,Jefferson Township Local,2625 S Union Rd,Dayton,45417-5535,Montgomery,Region 10,Rusty G. Clifford,(937) 835-5682
048694,Trotwood-Madison City,3594 N Snyder Rd,Trotwood,45426-3835,Montgomery,Region 10,Marlon A. Howard,(937) 854-3050
048702,Mad River Local,801 Old Harshman Rd,Dayton,45431-1238,Montgomery,Region 10,Chad M. Wyen,(937) 259-6606
048710,New Lebanon Local School District,320 S Fuls Rd,New Lebanon,45345,Montgomery,Region 10,Greg A. Williams,(937) 687-1301
048728,Northmont City,4001 Old Salem Rd,Englewood,45322-2681,Montgomery,Region 10,Anthony R. Thomas,(937) 832-5000
048736,Northridge Local,2008 Timber Ln,Dayton,45414-4528,Montgomery,Region 10,David A. Jackson,(937) 278-5885
048744,Valley View Local,59 Peffley St,Germantown,45327-1021,Montgomery,Region 10,Andrea L. Cook,(937) 855-6581
048751,Huber Heights City,5954 Longford Rd,Huber Heights,45424-2943,Montgomery,Region 10,Jason W. Enix,(937) 237-6300
048777,Morgan Local,65 W Union Ave,Mc Connelsville,43756-1218,Morgan,Region 12,Kristin E. Barker,(740) 962-2782
048793,Cardington-Lincoln Local,121 Nichols St,Cardington,43315-1121,Morrow,Region 7,Todd D. Spinner,(419) 864-3691
048801,Highland Local,6506 State Route 229,Marengo,43334-9738,Morrow,Region 7,Nathan D. Huffman,(419) 768-2206
048819,Northmor Local,5247 County Road 29,Galion,44833-9654,Morrow,Region 7,Chad A. Redmon,(419) 946-8861
048835,East Muskingum Local,13505 John Glenn School Rd,New Concord,43762-9702,Muskingum,Region 12,David C. Adams,(740) 826-7655
048843,Franklin Local,360 Cedar St,Duncan Falls,43734-9710,Muskingum,Region 12,Kacey R. Cottrill,(740) 674-5203
048850,Maysville Local,3715 Panther Dr,Zanesville,43701-7086,Muskingum,Region 12,Brian S. Blum,(740) 453-0754
048876,Tri-Valley Local,36 E Muskingum Ave,Dresden,43821-9701,Muskingum,Region 12,Mark K. Neal,(740) 754-1442
048884,West Muskingum Local,4880 West Pike,Zanesville,43701-9390,Muskingum,Region 12,Chad J. Shawger,(740) 455-4052
048900,Noble Local,20977 Zep Rd E,Sarahsville,43779-9702,Noble,Region 12,Justin P. Denius,(740) 732-2084
048926,Benton Carroll Salem Local,11685 W State Route 163,Oak Harbor,43449-1278,Ottawa,Region 1,Cathy S. Bergman,(419) 898-6210
048934,Danbury Local,9451 E Harbor Rd,Lakeside Marblehead,43440-1310,Ottawa,Region 1,Cari L. Buehler,(419) 798-5185
048942,Genoa Area Local,2810 N Genoa Clay Center Rd,Genoa,43430-9730,Ottawa,Region 1,Dennis R. Mock,(419) 855-7741
048975,Put-In-Bay Local,548 Catawba Ave.,Put-in-Bay,43456,Ottawa,Region 1,Scott J. Mangas,(419) 285-3614
048991,Antwerp Local,303 S. Harrmann Rd,Antwerp,45813,Paulding,Region 1,Martin A. Miller,(419) 258-5421
049031,Wayne Trace Local,4915 US Route 127,Haviland,45851-9738,Paulding,Region 1,Paul R. Jones,(419) 263-2415
049056,Northern Local,8700 Sheridan Dr,Thornville,43076-9757,Perry,Region 12,Angela L. Gussler,(740) 743-1303
049064,Southern Local,10397 State Route 155 SE # 1,Corning,43730-9710,Perry,Region 16,Annette M. Losco,(740) 721-0520
049080,Logan Elm Local,9579 Tarlton Rd,Circleville,43113-9448,Pickaway,Region 11,Timothy L. Williams,(740) 474-7501
049098,Teays Valley Local,385 Viking Way,Ashville,43103-9417,Pickaway,Region 11,Kyle D. Wolfe,(740) 983-5000
049106,Westfall Local,19463 Pherson Pike,Williamsport,43164-9745,Pickaway,Region 11,Jason R. Fife,(740) 986-3671
049122,Eastern Local School District,1170 Tile Mill Rd,Beaver,45613-9435,Pike,Region 15,Rick L. Bowman,(740) 226-4851
049130,Scioto Valley Local,1414 Piketon Rd,Piketon,45661-9801,Pike,Region 15,Wesley L. Hairston,(740) 289-4456
049148,Waverly City,1 Tiger Dr,Waverly,45690-8704,Pike,Region 15,William J. Hoover,(740) 947-4770
049155,Western Local,7959 State Route 124,Latham,45646-9701,Pike,Region 15,Brock D. Brewster,(740) 493-3113
049171,Aurora City,102 E Garfield Rd,Aurora,44202-8854,Portage,Region 8,Michael J. Roberto,(330) 562-6106
049189,Crestwood Local,10880 John Edward Dr,Mantua,44255-9454,Portage,Region 8,Aireane L. Curtis,(330) 357-8206
049197,Field Local,2900 State Route 43,Mogadore,44260-9715,Portage,Region 8,David O. Heflinger,(330) 673-2659
049205,James A Garfield Local,10235 State Route 88,Garrettsville,44231-9205,Portage,Region 8,Ted A. Lysiak,(330) 527-4336
049213,Rootstown Local,4140 State Route 44,Rootstown,44272-9697,Portage,Region 8,Andrew A. Hawkins,(330) 325-9911
049221,Southeast Local,8245 Tallmadge Rd,Ravenna,44266-8547,Portage,Region 8,Robert C. Dunn,(330) 654-5841
049239,Streetsboro City,9000 Kirby Ln,Streetsboro,44241-1725,Portage,Region 8,Cynthia M. Deevers,(330) 626-4900
049247,Waterloo Local,1464 Industry Rd,Atwater,44201-9349,Portage,Region 8,Joseph P. Clark,(330) 947-2664
049270,National Trail Local,6940 Oxford Gettysburg Rd,New Paris,45347-9065,Preble,Region 10,Jennifer S. Couch,(937) 437-3333
049288,Preble Shawnee Local,5495 Somers Gratis Rd,Camden,45311-1154,Preble,Region 10,Todd D. Bowling,(937) 452-1283
049296,Twin Valley Community Local,100 Education Dr,West Alexandria,45381-1184,Preble,Region 10,Scott E. Cottingim,(937) 839-4688
049312,Columbus Grove Local,201 W Cross St,Columbus Grove,45830-1237,Putnam,Region 1,George N. Verhoff,(419) 659-2639
049320,Continental Local,5211 State Route 634,Continental,45831-9155,Putnam,Region 1,Danny F. Kissell,(419) 596-3671
049338,Jennings Local,#1 Musketeer Drive,Fort Jennings,45844-9632,Putnam,Region 1,Nicholas T. Langhals,(419) 286-2238
049346,Kalida Local,301 North Third St.,Kalida,45853,Putnam,Region 1,Karl D. Lammers,(419) 532-3534
049353,Leipsic Local,232 Oak St,Leipsic,45856-1312,Putnam,Region 1,Greg A. Williamson,(419) 943-2165
049361,Miller City-New Cleveland Local,200 N. Main Street,Miller City,45864,Putnam,Region 1,Kerry D. Johnson,(419) 876-3172
049379,Ottawa-Glandorf Local,630 Glendale Ave,Ottawa,45875-1162,Putnam,Region 1,Donald T. Horstman,(419) 523-5261
049387,Ottoville Local,650 W 3rd St,Ottoville,45876,Putnam,Region 1,Jarrod J. Wehri,(419) 453-3356
049395,Pandora-Gilboa Local,410 Rocket Ridge,Pandora,45877-0389,Putnam,Region 1,R. Todd T. Schmutz,(419) 384-3227
049411,Clear Fork Valley Local,211 School St,Bellville,44813-1232,Richland,Region 7,John E. Thomas,(419) 886-3855
049429,Crestview Local,1575 State Route 96,Ashland,44805-9262,Richland,Region 7,James M. Grubbs,(419) 895-1700
049437,Lexington Local,103 Clever Ln,Lexington,44904-1209,Richland,Region 7,Jeremy R. Secrist,(419) 884-2132
049445,Lucas Local,84 Lucas North Rd,Lucas,44843-9532,Richland,Region 7,Bradley A. Herman,(419) 892-2338
049452,Madison Local,1379 Grace St,Mansfield,44905-2742,Richland,Region 7,Robert S. Peterson,(419) 589-2600
049460,Plymouth-Shiloh Local,365 Sandusky St,Plymouth,44865-1135,Richland,Region 7,Bradley J. Turson,(419) 687-4733
049478,Ontario Local,457 Shelby Ontario Rd,Ontario,44906-1029,Richland,Region 7,Dale Strickler,(419) 747-4311
049494,Adena Local,3367 County Road 550,Frankfort,45628-9503,Ross,Region 15,Matthew C. Unger,(740) 998-4633
049502,Huntington Local,188 Huntsman Rd,Chillicothe,45601-9378,Ross,Region 15,Peter T. Ruby,(740) 663-5892
049510,Paint Valley Local,7454 Us Highway 50 W,Bainbridge,45612-9708,Ross,Region 15,Timothy J. Winland,(740) 634-2826
049528,Southeastern Local,2003 Lancaster Rd,Chillicothe,45601-8213,Ross,Region 15,Brian Justice,(740) 774-2003
049536,Union-Scioto Local,1565 Egypt Pike,Chillicothe,45601-3974,Ross,Region 15,Matthew G. Thornsberry,(740) 773-4102
049544,Zane Trace Local,946 State Route 180,Chillicothe,45601-8141,Ross,Region 15,Tyler L. Wertman,(740) 775-1355
049569,Lakota Local,5200 County Road 13,Kansas,44841-9617,Sandusky,Region 1,Chad D. Coffman,(419) 986-6650
049577,Woodmore Local,349 Rice St,Elmore,43416-9404,Sandusky,Region 1,MARY K. SCHAEFFER,(419) 862-1060
049593,Bloom-Vernon Local,10529 Main Street,South Webster,45682-0237,Scioto,Region 15,Marc L. Kreischer,(740) 778-2281
049601,Clay Local,44 Clay High St,Portsmouth,45662-8817,Scioto,Region 15,William T. Warnock,(740) 354-6645
049619,Green Local,4057 Gallia Pike,Franklin Furnace,45629-8889,Scioto,Region 15,Jodi B. Armstrong,(740) 354-9221
049627,Minford Local,491 Bond Rd,Minford,45653,Scioto,Region 15,Jeremy A. Litteral,(740) 820-3896
049635,Northwest Local,800 Mohawk Dr,Mc Dermott,45652-9000,Scioto,Region 15,Anthony T. Jenkins,(740) 259-5558
049643,Valley Local,1821 State Route 728,Lucasville,45648-8510,Scioto,Region 15,Jeffrey S. Rolfe,(740) 259-3115
049650,Washington-Nile Local,15332 Us Highway 52,West Portsmouth,45663-9093,Scioto,Region 15,Anthony L. Bazler,(740) 858-1111
049668,Wheelersburg Local,620 Center St,Wheelersburg,45694-1701,Scioto,Region 15,Mark W. Knapp,(740) 574-8484
049684,Seneca East Local,13343 E US Highway 224,Attica,44807-9301,Seneca,Region 7,Laura A. Kagy,(419) 426-7041
049700,Hopewell-Loudon Local,181 N. CR 7,BASCOM,44809,Seneca,Region 7,Matthew P. White,(419) 937-2216
049718,New Riegel Local,44 N Perry St,New Riegel,44853-9776,Seneca,Region 7,David A. Rombach,(419) 595-2265
049726,Old Fort Local,7635 N County Rd 51,Tiffin,44883,Seneca,Region 7,Cynthia M. Endsley,(419) 992-4291
049759,Anna Local,1 McRill Way,Anna,45302,Shelby,Region 6,Andrew A. Bixler,(937) 394-2011
049767,Botkins Local,404 E State St,Botkins,45306-8006,Shelby,Region 6,Jeffrey T. McPheron,(937) 693-3756
049775,Fairlawn Local,18800 Johnston Rd,Sidney,45365-9755,Shelby,Region 6,John E. Holtzapple,(937) 492-1974
049783,Fort Loramie Local,575 Greenback Rd,Fort Loramie,45845-9366,Shelby,Region 6,Daniel B. Holland,(937) 295-3931
049791,Hardin-Houston Local,5300 Houston Rd,Houston,45333-8630,Shelby,Region 6,Ryan D. Maier,(937) 295-3010
049809,Jackson Center Local,204 S Linden St,Jackson Center,45334,Shelby,Region 6,William M. Reichert,(937) 596-6053
049817,Russia Local,100 School St,Russia,45363,Shelby,Region 6,Steven J. Rose,(937) 526-3156
049833,Canton Local,600 Faircrest St SE,Canton,44707-1118,Stark,Region 9,Brett R. Yeagley,(330) 484-8010
049841,Fairless Local,800 7th St SE,Brewster,44613-9485,Stark,Region 9,Michael C. Hearn,(330) 767-3577
049858,Jackson Local,7602 Fulton Dr NW,Massillon,44646-9393,Stark,Region 9,Christopher A. Diloreto,(330) 830-8000
049866,Lake Local,436 King Church Ave SW,Uniontown,44685,Stark,Region 9,Kevin T. Tobin,(330) 877-9383
049874,Louisville City,407 E Main St,Louisville,44641-1419,Stark,Region 9,Michele M. Shaffer,(330) 875-1666
049882,Marlington Local,10320 Moulin Ave NE,Alliance,44601-5906,Stark,Region 9,Daniel A. Swisher,(330) 823-7458
049890,Minerva Local,406 East St,Minerva,44657-1429,Stark,Region 9,Gary M. Chaddock,(330) 868-4332
049908,Northwest Local,2309 Locust St S,Canal Fulton,44614-9389,Stark,Region 9,Shawn M. Braman,(330) 854-2291
049916,Osnaburg Local,310 Browning Ct N,East Canton,44730-1248,Stark,Region 9,Kevin R. Finefrock,(330) 488-1609
049924,Perry Local,4201 13th St SW,Massillon,44646-3447,Stark,Region 9,Nathan A. Stutz,(330) 477-8121
049932,Plain Local,901 44th St NW,Canton,44709-1611,Stark,Region 9,Brent W. May,(330) 492-3500
049940,Sandy Valley Local,5362 State Route 183 NE,Magnolia,44643-8481,Stark,Region 9,David J. Fischer,(330) 866-3339
049957,Tuslaw Local,1835 Manchester Ave NW,Massillon,44647-9623,Stark,Region 9,Melissa M. Marconi,(330) 837-7813
049973,Woodridge Local,4411 Quick Rd,Peninsula,44264-9706,Summit,Region 8,Necole C. Ast,(330) 928-9074
049981,Copley-Fairlawn City,3797 Ridgewood Rd,Copley,44321-1665,Summit,Region 8,Aimee A. Kirsch,(330) 664-4800
049999,Coventry Local,3257 Cormany Rd,Coventry Township,44319-1849,Summit,Region 8,George E. Fisk,(330) 644-8489
050005,Manchester Local,6075 Manchester Rd,Akron,44319-4654,Summit,Region 8,Gary M. Hinton,(330) 882-6926
050013,Green Local,1755 Town Park Blvd,Uniontown,44685-7970,Summit,Region 8,Jeffrey L. Miller II,(330) 896-7500
050021,Hudson City,76 N Hayden Pkwy,Hudson,44236-2322,Summit,Region 8,Dana W. Addis,(330) 653-1200
050039,Mogadore Local,1 S Cleveland Ave,Mogadore,44260-1514,Summit,Region 8,John A. Knapp,(330) 628-9946
050047,Nordonia Hills City,9370 Olde Eight Rd,Northfield,44067,Summit,Region 8,Casey Wright,(330) 467-0580
050054,Revere Local,3496 Everett Rd,Richfield,44286-9730,Summit,Region 8,Daniel L. White,(330) 666-4155
050062,Springfield Local,2141 Pickle Rd,Akron,44312-4258,Summit,Region 8,Shelley Monachino,(330) 798-1111
050070,Twinsburg City,11136 Ravenna Rd,Twinsburg,44087-1022,Summit,Region 8,Kathryn M. Powers,(330) 486-2000
050096,Bloomfield-Mespo Local,2077 Park Rd W,North Bloomfield,44450-0730,Trumbull,Region 5,Gregory C. Isler,(440) 685-4711
050112,Bristol Local,1845 State Route 88,Bristolville,44402-9700,Trumbull,Region 5,Christopher J. Dray,(330) 889-3882
050120,Brookfield Local,614 Bedford Rd SE,Brookfield,44403-9756,Trumbull,Region 5,William T. Gibson,(330) 448-4930
050138,Champion Local,5976 Mahoning Ave NW,Warren,44483-1144,Trumbull,Region 5,John J. Grabowski,(330) 847-2330
050153,Mathews Local,4096 Cadwallader Sonk Rd,Cortland,44410-9445,Trumbull,Region 5,Russell T. McQuaide,(330) 637-3500
050161,Howland Local,8200 South St SE,Warren,44484-2447,Trumbull,Region 5,Kevin R. Spicher,(330) 856-8200
050179,Joseph Badger Local,7119 State Route 7,Kinsman,44428-9788,Trumbull,Region 5,Edwin J. Baldwin,(330) 876-2800
050187,Lakeview Local,300 Hillman Dr,Cortland,44410-1562,Trumbull,Region 5,Ashley J. Handrych,(330) 637-8741
050195,Liberty Local,4115 Shady Rd,Youngstown,44505-1353,Trumbull,Region 5,Brian C. Knight,(330) 759-0807
050203,Lordstown Local,1824 Salt Springs Rd,Warren,44481-9735,Trumbull,Region 5,Gregory T. Bonamase,(330) 824-2535
050211,Maplewood Local,2414 Greenville Rd,Cortland,44410-9648,Trumbull,Region 5,Perry D. Nicholas,(330) 637-7506
050229,McDonald Local,600 Iowa Ave,Mc Donald,44437-1677,Trumbull,Region 5,Kevin R. O'Connell,(330) 530-8051
050237,Southington Local,2482 State Route 534,Southington,44470-9524,Trumbull,Region 5,Rocco Nero,(330) 898-7480
050245,LaBrae Local,1001 N Leavitt Rd,Leavittsburg,44430-9644,Trumbull,Region 5,Anthony J. Calderone,(330) 898-1393
050252,Weathersfield Local,1334 Seaborn St,Mineral Ridge,44440-9571,Trumbull,Region 5,Damon J. Dohar,(330) 652-0287
050278,Garaway Local,146 Dover Rd NW,Sugarcreek,44681-9309,Tuscarawas,Region 12,James A. Millet,(330) 852-2421
050286,Indian Valley Local,100 N Walnut St,Gnadenhutten,44629,Tuscarawas,Region 12,Gary I. Wentworth,(740) 254-4334
050294,Strasburg-Franklin Local,140 N Bodmer Ave,Strasburg,44680-1122,Tuscarawas,Region 12,Vincent J. Lindsey,(330) 878-5571
050302,Tuscarawas Valley Local,2637 Tuscarawas Valley Rd NE,Zoarville,44656-9692,Tuscarawas,Region 12,Derek J. Varansky,(330) 859-2213
050328,Fairbanks Local,11158 State Route 38,Milford Center,43045-9764,Union,Region 11,Adham C. Schirg,(937) 349-9000
050336,North Union Local School District,12920 State Route 739,Richwood,43344-9728,Union,Region 11,Justin M. Ufferman,(740) 943-2509
050351,Crestview Local,531 E Tully St,Convoy,45832-8864,Van Wert,Region 1,Kathleen R. Mollenkopf,(419) 749-9100
050369,Lincolnview Local,15945 Middle Point Rd,Van Wert,45891-9769,Van Wert,Region 1,Jeffrey T. Snyder,(419) 968-2226
050393,Vinton County Local,307 W High St,Mc Arthur,45651-1093,Vinton,Region 16,Rick L. Brooks,(740) 596-5218
050419,Carlisle Local,230 Jamaica Rd,Carlisle,45005-3106,Warren,Region 13,Robert O. Fischer,(937) 746-0710
050427,Springboro Community City,1685 S Main St,Springboro,45066-1524,Warren,Region 13,Carrie L. Hester,(937) 748-3960
050435,Kings Local,1797 King Ave,Kings Mills,45034,Warren,Region 13,Gregory M. Sears,(513) 398-8050
050443,Little Miami Local,95 E Us Highway 22 And 3,Maineville,45039-8098,Warren,Region 13,Regina G. Morgan,(513) 899-2264
050450,Mason City,211 N East St,Mason,45040-1760,Warren,Region 13,Jonathan M. Cooper,(513) 398-0474
050468,Wayne Local,625 Dayton Rd,Waynesville,45068-9588,Warren,Region 13,Samuel R. Ison,(513) 897-6971
050484,Fort Frye Local,510 5th St,Beverly,45715-8916,Washington,Region 16,Stephanie D. Starcher,(740) 984-2497
050492,Frontier Local,44870 State Route 7,New Matamoras,45767-6149,Washington,Region 16,Beth A. Brown,(740) 865-3473
050500,Warren Local,220 Sweetapple Rd,Vincent,45784-5005,Washington,Region 16,Kyle R. Newton,(740) 678-2366
050518,Wolf Creek Local,330 Main St,Waterford,45786-0067,Washington,Region 16,Douglas A. Baldwin,(740) 984-2373
050534,Chippewa Local,56 N Portage St,Doylestown,44230-1350,Wayne,Region 9,Todd S. Osborn,(330) 658-6368
050542,Dalton Local,177 Mill St N,Dalton,44618-9468,Wayne,Region 9,Steven R. Watkins,(330) 828-2405
050559,Green Local,100 Smithie Drive,Smithville,44677,Wayne,Region 9,Dean E. Frank,(330) 669-3921
050567,Norwayne Local,350 S Main St,Creston,44217-9665,Wayne,Region 9,Kevin T. Leatherman,(330) 435-6382
050575,Northwestern Local,7571 N Elyria Rd,West Salem,44287-9707,Wayne,Region 9,Jeffrey N. Layton,(419) 846-3151
050583,Southeast Local,9048 Dover Rd,Apple Creek,44606-9408,Wayne,Region 9,James J. Ritchie,(330) 698-3001
050591,Triway Local,3205 Shreve Rd,Wooster,44691-4439,Wayne,Region 9,Nathan G. Schindewolf,(330) 264-9491
050617,Edgerton Local,111 E River St,Edgerton,43517-9623,Williams,Region 1,Benjamin H. Wilhelm,(419) 298-2112
050625,Edon Northwest Local,802 W Indiana St,Edon,43518-9627,Williams,Region 1,Anthony J. Stevens,(419) 272-3213
050633,Millcreek-West Unity Local,1401 W Jackson St,West Unity,43570-9465,Williams,Region 1,Steven J. Riley,(419) 924-2365
050641,North Central Local,400 E Baubice St,Pioneer,43554-9637,Williams,Region 1,Michael L. Bute,(419) 737-2392
050658,Stryker Local,400 S Defiance St,Stryker,43557-9307,Williams,Region 1,Nate R. Johnson,(419) 682-6961
050674,Eastwood Local,120 E College Ave,Pemberville,43450-9626,Wood,Region 1,William B. Welker,(419) 833-6411
050682,Elmwood Local,7650 Jerry City Rd,Bloomdale,44817-9763,Wood,Region 1,Tony D. Borton,(419) 655-2583
050690,Lake Local,28090 Lemoyne Rd,Millbury,43447-9747,Wood,Region 1,Marjoe Cooper,(419) 661-6690
050708,North Baltimore Local,201 S Main St,North Baltimore,45872-1354,Wood,Region 1,Ryan G. Delaney,(419) 257-3531
050716,Northwood Local Schools,700 Lemoyne Rd,Northwood,43619-1810,Wood,Region 1,Jason R. Kozina,(419) 691-3888
050724,Otsego Local,18505 Tontogany Creek Rd Ste 1,Bowling Green,43402,Wood,Region 1,Kevin P. O'Shea,(419) 823-4381
050740,Mohawk Local,295 State Highway 231,Sycamore,44882-9434,Wyandot,Region 7,Andrew R. Sprang,(419) 927-2414
061903,Adams County Ohio Valley Local,141 Lloyd Rd,West Union,45693-8974,Adams,Region 14,Dawn Wallace,(937) 544-5586
065680,Gallia County Local,4836 State Route 325,Patriot,45658-8960,Gallia,Region 16,Phillip D. Kuhn,(740) 379-9085
069682,East Guernsey Local,65591 Wintergreen Rd,Lore City,43755-9715,Guernsey,Region 12,Michael G. Ferguson,(740) 489-5190
091397,Tri-County North Local,436 N Commerce St,Lewisburg,45338-0040,Preble,Region 10,William K. Derringer,(937) 962-2671
139303,Monroe Local,500 Yankee Rd,Monroe,45050-1068,Butler,Region 13,John R. Buskirk,(513) 539-2536
